"StateFIPS","State","Year","Value","Data Comment",
"01","Alabama","1995","3,475","",
"01","Alabama","1996","3,530","",
"01","Alabama","1997","3,571","",
"01","Alabama","1998","3,478","",
"01","Alabama","1999","3,519","",
"01","Alabama","2000","3,520","",
"01","Alabama","2001","3,512","",
"01","Alabama","2002","3,585","",
"01","Alabama","2003","3,441","",
"01","Alabama","2004","3,487","",
"01","Alabama","2005","2,940","",
"01","Alabama","2006","3,100","",
"01","Alabama","2007","3,074","",
"01","Alabama","2008","3,142","",
"01","Alabama","2009","3,054","",
"01","Alabama","2010","3,160","",
"01","Alabama","2011","3,572","",
"01","Alabama","2012","3,456","",
"01","Alabama","2013","3,408","",
"01","Alabama","2014","3,739","",
"01","Alabama","2015","3,677","",
"01","Alabama","2016","3,952","",
"01","Alabama","2017","3,907","",
"01","Alabama","2018","3,818","",
"01","Alabama","2019","4,023","",
"01","Alabama","2020","4,092","",
"02","Alaska","1995","1,339","",
"02","Alaska","1996","1,403","",
"02","Alaska","1997","1,410","",
"02","Alaska","1998","1,315","",
"02","Alaska","1999","1,381","",
"02","Alaska","2000","1,385","",
"02","Alaska","2001","1,349","",
"02","Alaska","2002","1,394","",
"02","Alaska","2003","1,347","",
"02","Alaska","2004","1,746","",
"02","Alaska","2005","1,476","",
"02","Alaska","2006","1,360","",
"02","Alaska","2007","1,400","",
"02","Alaska","2008","1,366","",
"02","Alaska","2009","1,558","",
"02","Alaska","2010","1,416","",
"02","Alaska","2011","1,515","",
"02","Alaska","2012","1,465","",
"02","Alaska","2013","1,560","",
"02","Alaska","2014","1,627","",
"02","Alaska","2015","1,722","",
"02","Alaska","2016","1,848","",
"02","Alaska","2017","1,786","",
"02","Alaska","2018","1,866","",
"02","Alaska","2019","1,996","",
"02","Alaska","2020","1,957","",
"04","Arizona","1995","3,688","",
"04","Arizona","1996","3,743","",
"04","Arizona","1997","3,788","",
"04","Arizona","1998","3,650","",
"04","Arizona","1999","3,718","",
"04","Arizona","2000","3,753","",
"04","Arizona","2001","3,688","",
"04","Arizona","2002","3,754","",
"04","Arizona","2003","3,634","",
"04","Arizona","2004","3,670","",
"04","Arizona","2005","3,603","",
"04","Arizona","2006","3,569","",
"04","Arizona","2007","3,576","",
"04","Arizona","2008","3,716","",
"04","Arizona","2009","3,679","",
"04","Arizona","2010","3,550","",
"04","Arizona","2011","4,049","",
"04","Arizona","2012","4,191","",
"04","Arizona","2013","4,161","",
"04","Arizona","2014","4,174","",
"04","Arizona","2015","4,202","",
"04","Arizona","2016","4,428","",
"04","Arizona","2017","4,451","",
"04","Arizona","2018","4,277","",
"04","Arizona","2019","4,457","",
"04","Arizona","2020","4,931","",
"05","Arkansas","1995","3,276","",
"05","Arkansas","1996","3,318","",
"05","Arkansas","1997","3,354","",
"05","Arkansas","1998","3,264","",
"05","Arkansas","1999","3,342","",
"05","Arkansas","2000","3,340","",
"05","Arkansas","2001","3,278","",
"05","Arkansas","2002","3,347","",
"05","Arkansas","2003","3,223","",
"05","Arkansas","2004","3,257","",
"05","Arkansas","2005","2,864","",
"05","Arkansas","2006","2,876","",
"05","Arkansas","2007","2,816","",
"05","Arkansas","2008","2,852","",
"05","Arkansas","2009","2,858","",
"05","Arkansas","2010","2,915","",
"05","Arkansas","2011","3,322","",
"05","Arkansas","2012","3,433","",
"05","Arkansas","2013","3,276","",
"05","Arkansas","2014","3,363","",
"05","Arkansas","2015","3,469","",
"05","Arkansas","2016","3,680","",
"05","Arkansas","2017","3,816","",
"05","Arkansas","2018","3,729","",
"05","Arkansas","2019","3,686","",
"05","Arkansas","2020","4,103","",
"06","California","1995","3,145","",
"06","California","1996","3,171","",
"06","California","1997","3,207","",
"06","California","1998","2,966","",
"06","California","1999","3,085","",
"06","California","2000","3,160","",
"06","California","2001","3,119","",
"06","California","2002","3,084","",
"06","California","2003","3,065","",
"06","California","2004","3,115","",
"06","California","2005","3,058","",
"06","California","2006","3,057","",
"06","California","2007","3,226","",
"06","California","2008","3,257","",
"06","California","2009","3,208","",
"06","California","2010","2,955","",
"06","California","2011","3,367","",
"06","California","2012","3,600","",
"06","California","2013","3,776","",
"06","California","2014","3,852","",
"06","California","2015","3,899","",
"06","California","2016","4,131","",
"06","California","2017","4,047","",
"06","California","2018","3,969","",
"06","California","2019","4,076","",
"06","California","2020","4,541","",
"08","Colorado","1995","3,299","",
"08","Colorado","1996","3,360","",
"08","Colorado","1997","3,393","",
"08","Colorado","1998","3,253","",
"08","Colorado","1999","3,318","",
"08","Colorado","2000","3,390","",
"08","Colorado","2001","3,302","",
"08","Colorado","2002","3,310","",
"08","Colorado","2003","3,242","",
"08","Colorado","2004","3,320","",
"08","Colorado","2005","3,426","",
"08","Colorado","2006","3,453","",
"08","Colorado","2007","3,413","",
"08","Colorado","2008","3,459","",
"08","Colorado","2009","3,352","",
"08","Colorado","2010","3,241","",
"08","Colorado","2011","3,508","",
"08","Colorado","2012","3,662","",
"08","Colorado","2013","3,457","",
"08","Colorado","2014","3,635","",
"08","Colorado","2015","3,775","",
"08","Colorado","2016","4,190","",
"08","Colorado","2017","4,180","",
"08","Colorado","2018","4,203","",
"08","Colorado","2019","4,305","",
"08","Colorado","2020","4,474","",
"09","Connecticut","1995","2,583","",
"09","Connecticut","1996","2,592","",
"09","Connecticut","1997","2,586","",
"09","Connecticut","1998","2,467","",
"09","Connecticut","1999","2,586","",
"09","Connecticut","2000","2,579","",
"09","Connecticut","2001","2,529","",
"09","Connecticut","2002","2,580","",
"09","Connecticut","2003","2,547","",
"09","Connecticut","2004","2,606","",
"09","Connecticut","2005","2,088","",
"09","Connecticut","2006","2,026","",
"09","Connecticut","2007","2,211","",
"09","Connecticut","2008","2,184","",
"09","Connecticut","2009","2,111","",
"09","Connecticut","2010","2,174","",
"09","Connecticut","2011","2,369","",
"09","Connecticut","2012","2,374","",
"09","Connecticut","2013","2,491","",
"09","Connecticut","2014","2,557","",
"09","Connecticut","2015","2,658","",
"09","Connecticut","2016","3,093","",
"09","Connecticut","2017","2,693","",
"09","Connecticut","2018","2,770","",
"09","Connecticut","2019","2,945","",
"09","Connecticut","2020","3,100","",
"10","Delaware","1995","2,814","",
"10","Delaware","1996","2,833","",
"10","Delaware","1997","2,831","",
"10","Delaware","1998","2,702","",
"10","Delaware","1999","2,809","",
"10","Delaware","2000","2,811","",
"10","Delaware","2001","2,765","",
"10","Delaware","2002","2,838","",
"10","Delaware","2003","2,765","",
"10","Delaware","2004","2,822","",
"10","Delaware","2005","2,291","",
"10","Delaware","2006","2,348","",
"10","Delaware","2007","2,431","",
"10","Delaware","2008","2,433","",
"10","Delaware","2009","2,331","",
"10","Delaware","2010","2,375","",
"10","Delaware","2011","2,630","",
"10","Delaware","2012","2,678","",
"10","Delaware","2013","2,534","",
"10","Delaware","2014","2,520","",
"10","Delaware","2015","2,863","",
"10","Delaware","2016","3,148","",
"10","Delaware","2017","3,767","",
"10","Delaware","2018","3,062","",
"10","Delaware","2019","3,248","",
"10","Delaware","2020","3,512","",
"11","District of Columbia","1995","2,860","",
"11","District of Columbia","1996","2,868","",
"11","District of Columbia","1997","2,871","",
"11","District of Columbia","1998","2,747","",
"11","District of Columbia","1999","2,851","",
"11","District of Columbia","2000","2,851","",
"11","District of Columbia","2001","2,809","",
"11","District of Columbia","2002","2,878","",
"11","District of Columbia","2003","2,792","",
"11","District of Columbia","2004","2,868","",
"11","District of Columbia","2005","2,314","",
"11","District of Columbia","2006","2,323","",
"11","District of Columbia","2007","2,404","",
"11","District of Columbia","2008","2,425","",
"11","District of Columbia","2009","2,335","",
"11","District of Columbia","2010","2,343","",
"11","District of Columbia","2011","2,564","",
"11","District of Columbia","2012","2,857","",
"11","District of Columbia","2013","2,577","",
"11","District of Columbia","2014","2,837","",
"11","District of Columbia","2015","3,177","",
"11","District of Columbia","2016","3,442","",
"11","District of Columbia","2017","3,359","",
"11","District of Columbia","2018","3,158","",
"11","District of Columbia","2019","3,546","",
"11","District of Columbia","2020","3,581","",
"12","Florida","1995","3,884","",
"12","Florida","1996","3,978","",
"12","Florida","1997","4,064","",
"12","Florida","1998","3,940","",
"12","Florida","1999","3,958","",
"12","Florida","2000","3,901","",
"12","Florida","2001","3,949","",
"12","Florida","2002","4,075","",
"12","Florida","2003","3,904","",
"12","Florida","2004","3,974","",
"12","Florida","2005","3,395","",
"12","Florida","2006","3,578","",
"12","Florida","2007","3,457","",
"12","Florida","2008","3,556","",
"12","Florida","2009","3,617","",
"12","Florida","2010","3,636","",
"12","Florida","2011","3,970","",
"12","Florida","2012","3,890","",
"12","Florida","2013","4,001","",
"12","Florida","2014","4,057","",
"12","Florida","2015","4,079","",
"12","Florida","2016","4,258","",
"12","Florida","2017","4,321","",
"12","Florida","2018","4,212","",
"12","Florida","2019","4,473","",
"12","Florida","2020","4,596","",
"13","Georgia","1995","3,478","",
"13","Georgia","1996","3,541","",
"13","Georgia","1997","3,587","",
"13","Georgia","1998","3,477","",
"13","Georgia","1999","3,517","",
"13","Georgia","2000","3,512","",
"13","Georgia","2001","3,523","",
"13","Georgia","2002","3,600","",
"13","Georgia","2003","3,455","",
"13","Georgia","2004","3,513","",
"13","Georgia","2005","2,975","",
"13","Georgia","2006","3,096","",
"13","Georgia","2007","3,081","",
"13","Georgia","2008","3,175","",
"13","Georgia","2009","3,127","",
"13","Georgia","2010","3,158","",
"13","Georgia","2011","3,580","",
"13","Georgia","2012","3,436","",
"13","Georgia","2013","3,459","",
"13","Georgia","2014","3,634","",
"13","Georgia","2015","3,667","",
"13","Georgia","2016","3,960","",
"13","Georgia","2017","4,004","",
"13","Georgia","2018","3,911","",
"13","Georgia","2019","4,115","",
"13","Georgia","2020","4,168","",
"15","Hawaii","1995","4,960","",
"15","Hawaii","1996","4,982","",
"15","Hawaii","1997","5,133","",
"15","Hawaii","1998","4,915","",
"15","Hawaii","1999","4,891","",
"15","Hawaii","2000","4,857","",
"15","Hawaii","2001","4,893","",
"15","Hawaii","2002","5,073","",
"15","Hawaii","2003","4,890","",
"15","Hawaii","2004","4,983","",
"15","Hawaii","2005","4,716","",
"15","Hawaii","2006","4,514","",
"15","Hawaii","2007","4,631","",
"15","Hawaii","2008","4,661","",
"15","Hawaii","2009","4,641","",
"15","Hawaii","2010","4,734","",
"15","Hawaii","2011","4,576","",
"15","Hawaii","2012","4,634","",
"15","Hawaii","2013","4,788","",
"15","Hawaii","2014","4,706","",
"15","Hawaii","2015","4,797","",
"15","Hawaii","2016","5,018","",
"15","Hawaii","2017","4,879","",
"15","Hawaii","2018","4,549","",
"15","Hawaii","2019","4,989","",
"15","Hawaii","2020","4,793","",
"16","Idaho","1995","2,649","",
"16","Idaho","1996","2,700","",
"16","Idaho","1997","2,740","",
"16","Idaho","1998","2,578","",
"16","Idaho","1999","2,664","",
"16","Idaho","2000","2,734","",
"16","Idaho","2001","2,684","",
"16","Idaho","2002","2,647","",
"16","Idaho","2003","2,644","",
"16","Idaho","2004","2,706","",
"16","Idaho","2005","2,554","",
"16","Idaho","2006","2,618","",
"16","Idaho","2007","2,689","",
"16","Idaho","2008","2,590","",
"16","Idaho","2009","2,632","",
"16","Idaho","2010","2,406","",
"16","Idaho","2011","2,730","",
"16","Idaho","2012","3,026","",
"16","Idaho","2013","2,896","",
"16","Idaho","2014","3,090","",
"16","Idaho","2015","3,210","",
"16","Idaho","2016","3,358","",
"16","Idaho","2017","3,343","",
"16","Idaho","2018","3,290","",
"16","Idaho","2019","3,184","",
"16","Idaho","2020","3,604","",
"17","Illinois","1995","2,799","",
"17","Illinois","1996","2,817","",
"17","Illinois","1997","2,845","",
"17","Illinois","1998","2,770","",
"17","Illinois","1999","2,838","",
"17","Illinois","2000","2,849","",
"17","Illinois","2001","2,793","",
"17","Illinois","2002","2,816","",
"17","Illinois","2003","2,721","",
"17","Illinois","2004","2,791","",
"17","Illinois","2005","2,419","",
"17","Illinois","2006","2,324","",
"17","Illinois","2007","2,457","",
"17","Illinois","2008","2,370","",
"17","Illinois","2009","2,380","",
"17","Illinois","2010","2,473","",
"17","Illinois","2011","2,693","",
"17","Illinois","2012","2,937","",
"17","Illinois","2013","2,585","",
"17","Illinois","2014","2,755","",
"17","Illinois","2015","2,988","",
"17","Illinois","2016","3,396","",
"17","Illinois","2017","3,392","",
"17","Illinois","2018","3,148","",
"17","Illinois","2019","3,418","",
"17","Illinois","2020","3,615","",
"18","Indiana","1995","2,801","",
"18","Indiana","1996","2,817","",
"18","Indiana","1997","2,841","",
"18","Indiana","1998","2,768","",
"18","Indiana","1999","2,835","",
"18","Indiana","2000","2,844","",
"18","Indiana","2001","2,787","",
"18","Indiana","2002","2,824","",
"18","Indiana","2003","2,724","",
"18","Indiana","2004","2,806","",
"18","Indiana","2005","2,330","",
"18","Indiana","2006","2,268","",
"18","Indiana","2007","2,403","",
"18","Indiana","2008","2,348","",
"18","Indiana","2009","2,345","",
"18","Indiana","2010","2,443","",
"18","Indiana","2011","2,602","",
"18","Indiana","2012","2,814","",
"18","Indiana","2013","2,527","",
"18","Indiana","2014","2,791","",
"18","Indiana","2015","2,907","",
"18","Indiana","2016","3,384","",
"18","Indiana","2017","3,407","",
"18","Indiana","2018","3,294","",
"18","Indiana","2019","3,416","",
"18","Indiana","2020","3,486","",
"19","Iowa","1995","2,642","",
"19","Iowa","1996","2,684","",
"19","Iowa","1997","2,705","",
"19","Iowa","1998","2,622","",
"19","Iowa","1999","2,699","",
"19","Iowa","2000","2,705","",
"19","Iowa","2001","2,652","",
"19","Iowa","2002","2,655","",
"19","Iowa","2003","2,589","",
"19","Iowa","2004","2,650","",
"19","Iowa","2005","2,354","",
"19","Iowa","2006","2,255","",
"19","Iowa","2007","2,341","",
"19","Iowa","2008","2,253","",
"19","Iowa","2009","2,322","",
"19","Iowa","2010","2,327","",
"19","Iowa","2011","2,549","",
"19","Iowa","2012","2,963","",
"19","Iowa","2013","2,569","",
"19","Iowa","2014","2,599","",
"19","Iowa","2015","2,894","",
"19","Iowa","2016","3,147","",
"19","Iowa","2017","3,118","",
"19","Iowa","2018","3,054","",
"19","Iowa","2019","2,978","",
"19","Iowa","2020","3,254","",
"20","Kansas","1995","3,016","",
"20","Kansas","1996","3,057","",
"20","Kansas","1997","3,080","",
"20","Kansas","1998","2,977","",
"20","Kansas","1999","3,050","",
"20","Kansas","2000","3,083","",
"20","Kansas","2001","3,000","",
"20","Kansas","2002","3,030","",
"20","Kansas","2003","2,954","",
"20","Kansas","2004","2,996","",
"20","Kansas","2005","2,785","",
"20","Kansas","2006","2,808","",
"20","Kansas","2007","2,725","",
"20","Kansas","2008","2,751","",
"20","Kansas","2009","2,815","",
"20","Kansas","2010","2,778","",
"20","Kansas","2011","3,191","",
"20","Kansas","2012","3,435","",
"20","Kansas","2013","3,058","",
"20","Kansas","2014","3,240","",
"20","Kansas","2015","3,350","",
"20","Kansas","2016","3,775","",
"20","Kansas","2017","3,744","",
"20","Kansas","2018","3,565","",
"20","Kansas","2019","3,673","",
"20","Kansas","2020","4,077","",
"21","Kentucky","1995","3,011","",
"21","Kentucky","1996","3,019","",
"21","Kentucky","1997","3,044","",
"21","Kentucky","1998","2,955","",
"21","Kentucky","1999","3,028","",
"21","Kentucky","2000","3,032","",
"21","Kentucky","2001","2,981","",
"21","Kentucky","2002","3,038","",
"21","Kentucky","2003","2,926","",
"21","Kentucky","2004","3,002","",
"21","Kentucky","2005","2,473","",
"21","Kentucky","2006","2,435","",
"21","Kentucky","2007","2,596","",
"21","Kentucky","2008","2,528","",
"21","Kentucky","2009","2,489","",
"21","Kentucky","2010","2,606","",
"21","Kentucky","2011","2,774","",
"21","Kentucky","2012","2,961","",
"21","Kentucky","2013","2,748","",
"21","Kentucky","2014","2,982","",
"21","Kentucky","2015","3,156","",
"21","Kentucky","2016","3,717","",
"21","Kentucky","2017","3,700","",
"21","Kentucky","2018","3,531","",
"21","Kentucky","2019","3,739","",
"21","Kentucky","2020","3,733","",
"22","Louisiana","1995","3,653","",
"22","Louisiana","1996","3,732","",
"22","Louisiana","1997","3,779","",
"22","Louisiana","1998","3,688","",
"22","Louisiana","1999","3,752","",
"22","Louisiana","2000","3,720","",
"22","Louisiana","2001","3,708","",
"22","Louisiana","2002","3,802","",
"22","Louisiana","2003","3,649","",
"22","Louisiana","2004","3,666","",
"22","Louisiana","2005","3,243","",
"22","Louisiana","2006","3,277","",
"22","Louisiana","2007","3,162","",
"22","Louisiana","2008","3,313","",
"22","Louisiana","2009","3,366","",
"22","Louisiana","2010","3,353","",
"22","Louisiana","2011","3,884","",
"22","Louisiana","2012","3,793","",
"22","Louisiana","2013","3,827","",
"22","Louisiana","2014","3,720","",
"22","Louisiana","2015","3,782","",
"22","Louisiana","2016","3,897","",
"22","Louisiana","2017","3,994","",
"22","Louisiana","2018","3,942","",
"22","Louisiana","2019","4,151","",
"22","Louisiana","2020","4,242","",
"23","Maine","1995","2,324","",
"23","Maine","1996","2,313","",
"23","Maine","1997","2,297","",
"23","Maine","1998","2,189","",
"23","Maine","1999","2,316","",
"23","Maine","2000","2,304","",
"23","Maine","2001","2,265","",
"23","Maine","2002","2,275","",
"23","Maine","2003","2,269","",
"23","Maine","2004","2,350","",
"23","Maine","2005","1,903","",
"23","Maine","2006","1,893","",
"23","Maine","2007","1,966","",
"23","Maine","2008","1,970","",
"23","Maine","2009","1,933","",
"23","Maine","2010","1,975","",
"23","Maine","2011","2,155","",
"23","Maine","2012","2,332","",
"23","Maine","2013","2,300","",
"23","Maine","2014","2,299","",
"23","Maine","2015","2,649","",
"23","Maine","2016","2,617","",
"23","Maine","2017","2,683","",
"23","Maine","2018","2,741","",
"23","Maine","2019","2,712","",
"23","Maine","2020","2,937","",
"24","Maryland","1995","2,839","",
"24","Maryland","1996","2,855","",
"24","Maryland","1997","2,856","",
"24","Maryland","1998","2,732","",
"24","Maryland","1999","2,836","",
"24","Maryland","2000","2,836","",
"24","Maryland","2001","2,792","",
"24","Maryland","2002","2,862","",
"24","Maryland","2003","2,781","",
"24","Maryland","2004","2,850","",
"24","Maryland","2005","2,318","",
"24","Maryland","2006","2,354","",
"24","Maryland","2007","2,431","",
"24","Maryland","2008","2,454","",
"24","Maryland","2009","2,382","",
"24","Maryland","2010","2,415","",
"24","Maryland","2011","2,641","",
"24","Maryland","2012","2,760","",
"24","Maryland","2013","2,652","",
"24","Maryland","2014","2,760","",
"24","Maryland","2015","3,035","",
"24","Maryland","2016","3,343","",
"24","Maryland","2017","3,401","",
"24","Maryland","2018","3,085","",
"24","Maryland","2019","3,391","",
"24","Maryland","2020","3,503","",
"25","Massachusetts","1995","2,538","",
"25","Massachusetts","1996","2,543","",
"25","Massachusetts","1997","2,534","",
"25","Massachusetts","1998","2,413","",
"25","Massachusetts","1999","2,538","",
"25","Massachusetts","2000","2,534","",
"25","Massachusetts","2001","2,481","",
"25","Massachusetts","2002","2,528","",
"25","Massachusetts","2003","2,501","",
"25","Massachusetts","2004","2,549","",
"25","Massachusetts","2005","2,067","",
"25","Massachusetts","2006","2,004","",
"25","Massachusetts","2007","2,166","",
"25","Massachusetts","2008","2,145","",
"25","Massachusetts","2009","2,083","",
"25","Massachusetts","2010","2,136","",
"25","Massachusetts","2011","2,332","",
"25","Massachusetts","2012","2,471","",
"25","Massachusetts","2013","2,439","",
"25","Massachusetts","2014","2,516","",
"25","Massachusetts","2015","2,646","",
"25","Massachusetts","2016","2,958","",
"25","Massachusetts","2017","2,758","",
"25","Massachusetts","2018","2,698","",
"25","Massachusetts","2019","2,957","",
"25","Massachusetts","2020","3,002","",
"26","Michigan","1995","2,416","",
"26","Michigan","1996","2,428","",
"26","Michigan","1997","2,427","",
"26","Michigan","1998","2,367","",
"26","Michigan","1999","2,454","",
"26","Michigan","2000","2,436","",
"26","Michigan","2001","2,387","",
"26","Michigan","2002","2,415","",
"26","Michigan","2003","2,343","",
"26","Michigan","2004","2,427","",
"26","Michigan","2005","2,081","",
"26","Michigan","2006","2,055","",
"26","Michigan","2007","2,161","",
"26","Michigan","2008","2,083","",
"26","Michigan","2009","2,075","",
"26","Michigan","2010","2,119","",
"26","Michigan","2011","2,332","",
"26","Michigan","2012","2,629","",
"26","Michigan","2013","2,276","",
"26","Michigan","2014","2,319","",
"26","Michigan","2015","2,512","",
"26","Michigan","2016","2,911","",
"26","Michigan","2017","2,714","",
"26","Michigan","2018","2,800","",
"26","Michigan","2019","2,803","",
"26","Michigan","2020","3,021","",
"27","Minnesota","1995","2,337","",
"27","Minnesota","1996","2,386","",
"27","Minnesota","1997","2,399","",
"27","Minnesota","1998","2,323","",
"27","Minnesota","1999","2,401","",
"27","Minnesota","2000","2,401","",
"27","Minnesota","2001","2,355","",
"27","Minnesota","2002","2,342","",
"27","Minnesota","2003","2,310","",
"27","Minnesota","2004","2,379","",
"27","Minnesota","2005","2,097","",
"27","Minnesota","2006","2,095","",
"27","Minnesota","2007","2,107","",
"27","Minnesota","2008","2,071","",
"27","Minnesota","2009","2,114","",
"27","Minnesota","2010","2,076","",
"27","Minnesota","2011","2,296","",
"27","Minnesota","2012","2,608","",
"27","Minnesota","2013","2,290","",
"27","Minnesota","2014","2,323","",
"27","Minnesota","2015","2,655","",
"27","Minnesota","2016","2,850","",
"27","Minnesota","2017","2,678","",
"27","Minnesota","2018","2,646","",
"27","Minnesota","2019","2,680","",
"27","Minnesota","2020","3,003","",
"28","Mississippi","1995","3,481","",
"28","Mississippi","1996","3,537","",
"28","Mississippi","1997","3,578","",
"28","Mississippi","1998","3,490","",
"28","Mississippi","1999","3,547","",
"28","Mississippi","2000","3,535","",
"28","Mississippi","2001","3,518","",
"28","Mississippi","2002","3,594","",
"28","Mississippi","2003","3,447","",
"28","Mississippi","2004","3,481","",
"28","Mississippi","2005","3,020","",
"28","Mississippi","2006","3,106","",
"28","Mississippi","2007","3,067","",
"28","Mississippi","2008","3,107","",
"28","Mississippi","2009","3,134","",
"28","Mississippi","2010","3,168","",
"28","Mississippi","2011","3,595","",
"28","Mississippi","2012","3,574","",
"28","Mississippi","2013","3,510","",
"28","Mississippi","2014","3,697","",
"28","Mississippi","2015","3,646","",
"28","Mississippi","2016","3,837","",
"28","Mississippi","2017","3,846","",
"28","Mississippi","2018","3,805","",
"28","Mississippi","2019","3,994","",
"28","Mississippi","2020","4,068","",
"29","Missouri","1995","2,946","",
"29","Missouri","1996","2,978","",
"29","Missouri","1997","3,004","",
"29","Missouri","1998","2,916","",
"29","Missouri","1999","2,996","",
"29","Missouri","2000","3,004","",
"29","Missouri","2001","2,939","",
"29","Missouri","2002","2,973","",
"29","Missouri","2003","2,875","",
"29","Missouri","2004","2,923","",
"29","Missouri","2005","2,599","",
"29","Missouri","2006","2,551","",
"29","Missouri","2007","2,582","",
"29","Missouri","2008","2,512","",
"29","Missouri","2009","2,560","",
"29","Missouri","2010","2,608","",
"29","Missouri","2011","2,875","",
"29","Missouri","2012","3,137","",
"29","Missouri","2013","2,801","",
"29","Missouri","2014","2,981","",
"29","Missouri","2015","3,128","",
"29","Missouri","2016","3,544","",
"29","Missouri","2017","3,588","",
"29","Missouri","2018","3,486","",
"29","Missouri","2019","3,515","",
"29","Missouri","2020","3,742","",
"30","Montana","1995","2,360","",
"30","Montana","1996","2,404","",
"30","Montana","1997","2,444","",
"30","Montana","1998","2,321","",
"30","Montana","1999","2,382","",
"30","Montana","2000","2,432","",
"30","Montana","2001","2,387","",
"30","Montana","2002","2,364","",
"30","Montana","2003","2,366","",
"30","Montana","2004","2,449","",
"30","Montana","2005","2,286","",
"30","Montana","2006","2,380","",
"30","Montana","2007","2,395","",
"30","Montana","2008","2,288","",
"30","Montana","2009","2,338","",
"30","Montana","2010","2,178","",
"30","Montana","2011","2,449","",
"30","Montana","2012","2,763","",
"30","Montana","2013","2,601","",
"30","Montana","2014","2,695","",
"30","Montana","2015","2,856","",
"30","Montana","2016","2,936","",
"30","Montana","2017","2,910","",
"30","Montana","2018","2,790","",
"30","Montana","2019","2,814","",
"30","Montana","2020","3,209","",
"31","Nebraska","1995","2,782","",
"31","Nebraska","1996","2,828","",
"31","Nebraska","1997","2,847","",
"31","Nebraska","1998","2,736","",
"31","Nebraska","1999","2,814","",
"31","Nebraska","2000","2,855","",
"31","Nebraska","2001","2,784","",
"31","Nebraska","2002","2,778","",
"31","Nebraska","2003","2,739","",
"31","Nebraska","2004","2,797","",
"31","Nebraska","2005","2,597","",
"31","Nebraska","2006","2,581","",
"31","Nebraska","2007","2,561","",
"31","Nebraska","2008","2,600","",
"31","Nebraska","2009","2,585","",
"31","Nebraska","2010","2,573","",
"31","Nebraska","2011","2,881","",
"31","Nebraska","2012","3,313","",
"31","Nebraska","2013","2,829","",
"31","Nebraska","2014","2,970","",
"31","Nebraska","2015","3,020","",
"31","Nebraska","2016","3,427","",
"31","Nebraska","2017","3,536","",
"31","Nebraska","2018","3,190","",
"31","Nebraska","2019","3,246","",
"31","Nebraska","2020","3,663","",
"32","Nevada","1995","3,201","",
"32","Nevada","1996","3,229","",
"32","Nevada","1997","3,268","",
"32","Nevada","1998","3,043","",
"32","Nevada","1999","3,160","",
"32","Nevada","2000","3,250","",
"32","Nevada","2001","3,190","",
"32","Nevada","2002","3,142","",
"32","Nevada","2003","3,125","",
"32","Nevada","2004","3,165","",
"32","Nevada","2005","3,076","",
"32","Nevada","2006","3,127","",
"32","Nevada","2007","3,231","",
"32","Nevada","2008","3,258","",
"32","Nevada","2009","3,122","",
"32","Nevada","2010","2,952","",
"32","Nevada","2011","3,319","",
"32","Nevada","2012","3,546","",
"32","Nevada","2013","3,570","",
"32","Nevada","2014","3,741","",
"32","Nevada","2015","3,657","",
"32","Nevada","2016","4,084","",
"32","Nevada","2017","3,990","",
"32","Nevada","2018","3,918","",
"32","Nevada","2019","3,984","",
"32","Nevada","2020","4,419","",
"33","New Hampshire","1995","2,443","",
"33","New Hampshire","1996","2,442","",
"33","New Hampshire","1997","2,424","",
"33","New Hampshire","1998","2,317","",
"33","New Hampshire","1999","2,444","",
"33","New Hampshire","2000","2,430","",
"33","New Hampshire","2001","2,383","",
"33","New Hampshire","2002","2,412","",
"33","New Hampshire","2003","2,391","",
"33","New Hampshire","2004","2,457","",
"33","New Hampshire","2005","1,968","",
"33","New Hampshire","2006","1,912","",
"33","New Hampshire","2007","2,050","",
"33","New Hampshire","2008","2,014","",
"33","New Hampshire","2009","1,989","",
"33","New Hampshire","2010","2,007","",
"33","New Hampshire","2011","2,173","",
"33","New Hampshire","2012","2,348","",
"33","New Hampshire","2013","2,287","",
"33","New Hampshire","2014","2,347","",
"33","New Hampshire","2015","2,611","",
"33","New Hampshire","2016","2,756","",
"33","New Hampshire","2017","2,625","",
"33","New Hampshire","2018","2,686","",
"33","New Hampshire","2019","2,794","",
"33","New Hampshire","2020","2,921","",
"34","New Jersey","1995","2,704","",
"34","New Jersey","1996","2,719","",
"34","New Jersey","1997","2,711","",
"34","New Jersey","1998","2,590","",
"34","New Jersey","1999","2,701","",
"34","New Jersey","2000","2,697","",
"34","New Jersey","2001","2,647","",
"34","New Jersey","2002","2,712","",
"34","New Jersey","2003","2,660","",
"34","New Jersey","2004","2,721","",
"34","New Jersey","2005","2,206","",
"34","New Jersey","2006","2,218","",
"34","New Jersey","2007","2,299","",
"34","New Jersey","2008","2,303","",
"34","New Jersey","2009","2,158","",
"34","New Jersey","2010","2,292","",
"34","New Jersey","2011","2,463","",
"34","New Jersey","2012","2,483","",
"34","New Jersey","2013","2,591","",
"34","New Jersey","2014","2,500","",
"34","New Jersey","2015","2,849","",
"34","New Jersey","2016","3,048","",
"34","New Jersey","2017","3,423","",
"34","New Jersey","2018","3,044","",
"34","New Jersey","2019","3,226","",
"34","New Jersey","2020","3,264","",
"35","New Mexico","1995","3,680","",
"35","New Mexico","1996","3,760","",
"35","New Mexico","1997","3,790","",
"35","New Mexico","1998","3,674","",
"35","New Mexico","1999","3,745","",
"35","New Mexico","2000","3,771","",
"35","New Mexico","2001","3,685","",
"35","New Mexico","2002","3,763","",
"35","New Mexico","2003","3,635","",
"35","New Mexico","2004","3,691","",
"35","New Mexico","2005","3,571","",
"35","New Mexico","2006","3,570","",
"35","New Mexico","2007","3,532","",
"35","New Mexico","2008","3,678","",
"35","New Mexico","2009","3,582","",
"35","New Mexico","2010","3,485","",
"35","New Mexico","2011","3,965","",
"35","New Mexico","2012","3,965","",
"35","New Mexico","2013","3,899","",
"35","New Mexico","2014","4,030","",
"35","New Mexico","2015","4,017","",
"35","New Mexico","2016","4,441","",
"35","New Mexico","2017","4,549","",
"35","New Mexico","2018","4,394","",
"35","New Mexico","2019","4,484","",
"35","New Mexico","2020","4,797","",
"36","New York","1995","2,532","",
"36","New York","1996","2,543","",
"36","New York","1997","2,525","",
"36","New York","1998","2,431","",
"36","New York","1999","2,544","",
"36","New York","2000","2,525","",
"36","New York","2001","2,475","",
"36","New York","2002","2,520","",
"36","New York","2003","2,478","",
"36","New York","2004","2,554","",
"36","New York","2005","2,067","",
"36","New York","2006","1,996","",
"36","New York","2007","2,117","",
"36","New York","2008","2,105","",
"36","New York","2009","2,058","",
"36","New York","2010","2,079","",
"36","New York","2011","2,229","",
"36","New York","2012","2,343","",
"36","New York","2013","2,370","",
"36","New York","2014","2,418","",
"36","New York","2015","2,851","",
"36","New York","2016","2,916","",
"36","New York","2017","2,704","",
"36","New York","2018","2,603","",
"36","New York","2019","2,783","",
"36","New York","2020","3,002","",
"37","North Carolina","1995","3,194","",
"37","North Carolina","1996","3,234","",
"37","North Carolina","1997","3,265","",
"37","North Carolina","1998","3,130","",
"37","North Carolina","1999","3,207","",
"37","North Carolina","2000","3,204","",
"37","North Carolina","2001","3,198","",
"37","North Carolina","2002","3,271","",
"37","North Carolina","2003","3,149","",
"37","North Carolina","2004","3,212","",
"37","North Carolina","2005","2,694","",
"37","North Carolina","2006","2,735","",
"37","North Carolina","2007","2,815","",
"37","North Carolina","2008","2,839","",
"37","North Carolina","2009","2,772","",
"37","North Carolina","2010","2,829","",
"37","North Carolina","2011","3,127","",
"37","North Carolina","2012","3,085","",
"37","North Carolina","2013","3,075","",
"37","North Carolina","2014","3,234","",
"37","North Carolina","2015","3,476","",
"37","North Carolina","2016","3,832","",
"37","North Carolina","2017","3,945","",
"37","North Carolina","2018","3,874","",
"37","North Carolina","2019","3,941","",
"37","North Carolina","2020","4,025","",
"38","North Dakota","1995","2,225","",
"38","North Dakota","1996","2,283","",
"38","North Dakota","1997","2,309","",
"38","North Dakota","1998","2,212","",
"38","North Dakota","1999","2,286","",
"38","North Dakota","2000","2,307","",
"38","North Dakota","2001","2,252","",
"38","North Dakota","2002","2,241","",
"38","North Dakota","2003","2,230","",
"38","North Dakota","2004","2,307","",
"38","North Dakota","2005","2,117","",
"38","North Dakota","2006","2,160","",
"38","North Dakota","2007","2,114","",
"38","North Dakota","2008","2,114","",
"38","North Dakota","2009","2,060","",
"38","North Dakota","2010","2,028","",
"38","North Dakota","2011","2,272","",
"38","North Dakota","2012","2,630","",
"38","North Dakota","2013","2,263","",
"38","North Dakota","2014","2,341","",
"38","North Dakota","2015","2,671","",
"38","North Dakota","2016","2,769","",
"38","North Dakota","2017","2,756","",
"38","North Dakota","2018","2,610","",
"38","North Dakota","2019","2,553","",
"38","North Dakota","2020","3,041","",
"39","Ohio","1995","2,755","",
"39","Ohio","1996","2,774","",
"39","Ohio","1997","2,783","",
"39","Ohio","1998","2,701","",
"39","Ohio","1999","2,782","",
"39","Ohio","2000","2,782","",
"39","Ohio","2001","2,725","",
"39","Ohio","2002","2,780","",
"39","Ohio","2003","2,684","",
"39","Ohio","2004","2,781","",
"39","Ohio","2005","2,224","",
"39","Ohio","2006","2,216","",
"39","Ohio","2007","2,308","",
"39","Ohio","2008","2,289","",
"39","Ohio","2009","2,303","",
"39","Ohio","2010","2,351","",
"39","Ohio","2011","2,490","",
"39","Ohio","2012","2,742","",
"39","Ohio","2013","2,531","",
"39","Ohio","2014","2,641","",
"39","Ohio","2015","2,889","",
"39","Ohio","2016","3,189","",
"39","Ohio","2017","3,057","",
"39","Ohio","2018","3,104","",
"39","Ohio","2019","3,294","",
"39","Ohio","2020","3,384","",
"40","Oklahoma","1995","3,258","",
"40","Oklahoma","1996","3,317","",
"40","Oklahoma","1997","3,345","",
"40","Oklahoma","1998","3,246","",
"40","Oklahoma","1999","3,325","",
"40","Oklahoma","2000","3,334","",
"40","Oklahoma","2001","3,256","",
"40","Oklahoma","2002","3,320","",
"40","Oklahoma","2003","3,215","",
"40","Oklahoma","2004","3,237","",
"40","Oklahoma","2005","2,968","",
"40","Oklahoma","2006","3,020","",
"40","Oklahoma","2007","2,817","",
"40","Oklahoma","2008","3,006","",
"40","Oklahoma","2009","3,020","",
"40","Oklahoma","2010","2,952","",
"40","Oklahoma","2011","3,447","",
"40","Oklahoma","2012","3,527","",
"40","Oklahoma","2013","3,353","",
"40","Oklahoma","2014","3,450","",
"40","Oklahoma","2015","3,564","",
"40","Oklahoma","2016","3,963","",
"40","Oklahoma","2017","3,849","",
"40","Oklahoma","2018","3,756","",
"40","Oklahoma","2019","3,864","",
"40","Oklahoma","2020","4,248","",
"41","Oregon","1995","2,492","",
"41","Oregon","1996","2,501","",
"41","Oregon","1997","2,531","",
"41","Oregon","1998","2,376","",
"41","Oregon","1999","2,465","",
"41","Oregon","2000","2,528","",
"41","Oregon","2001","2,482","",
"41","Oregon","2002","2,484","",
"41","Oregon","2003","2,461","",
"41","Oregon","2004","2,519","",
"41","Oregon","2005","2,343","",
"41","Oregon","2006","2,441","",
"41","Oregon","2007","2,481","",
"41","Oregon","2008","2,448","",
"41","Oregon","2009","2,551","",
"41","Oregon","2010","2,265","",
"41","Oregon","2011","2,674","",
"41","Oregon","2012","2,943","",
"41","Oregon","2013","2,978","",
"41","Oregon","2014","3,108","",
"41","Oregon","2015","3,153","",
"41","Oregon","2016","3,117","",
"41","Oregon","2017","3,132","",
"41","Oregon","2018","3,070","",
"41","Oregon","2019","3,025","",
"41","Oregon","2020","3,607","",
"42","Pennsylvania","1995","2,705","",
"42","Pennsylvania","1996","2,717","",
"42","Pennsylvania","1997","2,710","",
"42","Pennsylvania","1998","2,607","",
"42","Pennsylvania","1999","2,714","",
"42","Pennsylvania","2000","2,702","",
"42","Pennsylvania","2001","2,648","",
"42","Pennsylvania","2002","2,708","",
"42","Pennsylvania","2003","2,640","",
"42","Pennsylvania","2004","2,722","",
"42","Pennsylvania","2005","2,155","",
"42","Pennsylvania","2006","2,138","",
"42","Pennsylvania","2007","2,233","",
"42","Pennsylvania","2008","2,228","",
"42","Pennsylvania","2009","2,154","",
"42","Pennsylvania","2010","2,222","",
"42","Pennsylvania","2011","2,371","",
"42","Pennsylvania","2012","2,483","",
"42","Pennsylvania","2013","2,400","",
"42","Pennsylvania","2014","2,500","",
"42","Pennsylvania","2015","2,851","",
"42","Pennsylvania","2016","3,067","",
"42","Pennsylvania","2017","2,937","",
"42","Pennsylvania","2018","2,839","",
"42","Pennsylvania","2019","3,011","",
"42","Pennsylvania","2020","3,257","",
"44","Rhode Island","1995","2,571","",
"44","Rhode Island","1996","2,576","",
"44","Rhode Island","1997","2,572","",
"44","Rhode Island","1998","2,446","",
"44","Rhode Island","1999","2,571","",
"44","Rhode Island","2000","2,567","",
"44","Rhode Island","2001","2,517","",
"44","Rhode Island","2002","2,567","",
"44","Rhode Island","2003","2,538","",
"44","Rhode Island","2004","2,584","",
"44","Rhode Island","2005","2,079","",
"44","Rhode Island","2006","2,014","",
"44","Rhode Island","2007","2,190","",
"44","Rhode Island","2008","2,155","",
"44","Rhode Island","2009","2,092","",
"44","Rhode Island","2010","2,167","",
"44","Rhode Island","2011","2,456","",
"44","Rhode Island","2012","2,433","",
"44","Rhode Island","2013","2,398","",
"44","Rhode Island","2014","2,486","",
"44","Rhode Island","2015","2,626","",
"44","Rhode Island","2016","2,951","",
"44","Rhode Island","2017","2,870","",
"44","Rhode Island","2018","2,917","",
"44","Rhode Island","2019","3,120","",
"44","Rhode Island","2020","3,084","",
"45","South Carolina","1995","3,338","",
"45","South Carolina","1996","3,393","",
"45","South Carolina","1997","3,435","",
"45","South Carolina","1998","3,308","",
"45","South Carolina","1999","3,363","",
"45","South Carolina","2000","3,358","",
"45","South Carolina","2001","3,373","",
"45","South Carolina","2002","3,448","",
"45","South Carolina","2003","3,306","",
"45","South Carolina","2004","3,368","",
"45","South Carolina","2005","2,837","",
"45","South Carolina","2006","2,946","",
"45","South Carolina","2007","2,979","",
"45","South Carolina","2008","3,050","",
"45","South Carolina","2009","3,031","",
"45","South Carolina","2010","3,077","",
"45","South Carolina","2011","3,422","",
"45","South Carolina","2012","3,416","",
"45","South Carolina","2013","3,346","",
"45","South Carolina","2014","3,504","",
"45","South Carolina","2015","3,639","",
"45","South Carolina","2016","3,887","",
"45","South Carolina","2017","3,985","",
"45","South Carolina","2018","3,768","",
"45","South Carolina","2019","3,982","",
"45","South Carolina","2020","4,051","",
"46","South Dakota","1995","2,508","",
"46","South Dakota","1996","2,555","",
"46","South Dakota","1997","2,576","",
"46","South Dakota","1998","2,471","",
"46","South Dakota","1999","2,550","",
"46","South Dakota","2000","2,576","",
"46","South Dakota","2001","2,518","",
"46","South Dakota","2002","2,494","",
"46","South Dakota","2003","2,479","",
"46","South Dakota","2004","2,554","",
"46","South Dakota","2005","2,367","",
"46","South Dakota","2006","2,329","",
"46","South Dakota","2007","2,334","",
"46","South Dakota","2008","2,318","",
"46","South Dakota","2009","2,338","",
"46","South Dakota","2010","2,297","",
"46","South Dakota","2011","2,594","",
"46","South Dakota","2012","3,064","",
"46","South Dakota","2013","2,577","",
"46","South Dakota","2014","2,650","",
"46","South Dakota","2015","2,845","",
"46","South Dakota","2016","3,140","",
"46","South Dakota","2017","2,961","",
"46","South Dakota","2018","2,848","",
"46","South Dakota","2019","2,807","",
"46","South Dakota","2020","3,284","",
"47","Tennessee","1995","3,192","",
"47","Tennessee","1996","3,218","",
"47","Tennessee","1997","3,246","",
"47","Tennessee","1998","3,158","",
"47","Tennessee","1999","3,220","",
"47","Tennessee","2000","3,226","",
"47","Tennessee","2001","3,186","",
"47","Tennessee","2002","3,248","",
"47","Tennessee","2003","3,128","",
"47","Tennessee","2004","3,194","",
"47","Tennessee","2005","2,658","",
"47","Tennessee","2006","2,661","",
"47","Tennessee","2007","2,778","",
"47","Tennessee","2008","2,746","",
"47","Tennessee","2009","2,678","",
"47","Tennessee","2010","2,762","",
"47","Tennessee","2011","3,030","",
"47","Tennessee","2012","3,110","",
"47","Tennessee","2013","2,948","",
"47","Tennessee","2014","3,219","",
"47","Tennessee","2015","3,358","",
"47","Tennessee","2016","3,935","",
"47","Tennessee","2017","3,842","",
"47","Tennessee","2018","3,668","",
"47","Tennessee","2019","4,036","",
"47","Tennessee","2020","3,869","",
"48","Texas","1995","3,682","",
"48","Texas","1996","3,775","",
"48","Texas","1997","3,810","",
"48","Texas","1998","3,712","",
"48","Texas","1999","3,786","",
"48","Texas","2000","3,772","",
"48","Texas","2001","3,713","",
"48","Texas","2002","3,813","",
"48","Texas","2003","3,676","",
"48","Texas","2004","3,703","",
"48","Texas","2005","3,372","",
"48","Texas","2006","3,445","",
"48","Texas","2007","3,233","",
"48","Texas","2008","3,524","",
"48","Texas","2009","3,562","",
"48","Texas","2010","3,416","",
"48","Texas","2011","4,052","",
"48","Texas","2012","3,920","",
"48","Texas","2013","3,911","",
"48","Texas","2014","3,911","",
"48","Texas","2015","3,895","",
"48","Texas","2016","4,200","",
"48","Texas","2017","4,173","",
"48","Texas","2018","4,046","",
"48","Texas","2019","4,250","",
"48","Texas","2020","4,529","",
"49","Utah","1995","3,207","",
"49","Utah","1996","3,254","",
"49","Utah","1997","3,293","",
"49","Utah","1998","3,106","",
"49","Utah","1999","3,200","",
"49","Utah","2000","3,285","",
"49","Utah","2001","3,209","",
"49","Utah","2002","3,179","",
"49","Utah","2003","3,149","",
"49","Utah","2004","3,185","",
"49","Utah","2005","3,096","",
"49","Utah","2006","3,144","",
"49","Utah","2007","3,205","",
"49","Utah","2008","3,168","",
"49","Utah","2009","3,102","",
"49","Utah","2010","2,933","",
"49","Utah","2011","3,277","",
"49","Utah","2012","3,496","",
"49","Utah","2013","3,364","",
"49","Utah","2014","3,447","",
"49","Utah","2015","3,612","",
"49","Utah","2016","3,930","",
"49","Utah","2017","4,005","",
"49","Utah","2018","3,868","",
"49","Utah","2019","4,001","",
"49","Utah","2020","4,314","",
"50","Vermont","1995","2,399","",
"50","Vermont","1996","2,395","",
"50","Vermont","1997","2,373","",
"50","Vermont","1998","2,281","",
"50","Vermont","1999","2,400","",
"50","Vermont","2000","2,378","",
"50","Vermont","2001","2,337","",
"50","Vermont","2002","2,363","",
"50","Vermont","2003","2,337","",
"50","Vermont","2004","2,415","",
"50","Vermont","2005","1,946","",
"50","Vermont","2006","1,858","",
"50","Vermont","2007","1,996","",
"50","Vermont","2008","1,963","",
"50","Vermont","2009","1,958","",
"50","Vermont","2010","1,947","",
"50","Vermont","2011","2,175","",
"50","Vermont","2012","2,293","",
"50","Vermont","2013","2,236","",
"50","Vermont","2014","2,293","",
"50","Vermont","2015","2,670","",
"50","Vermont","2016","2,706","",
"50","Vermont","2017","2,506","",
"50","Vermont","2018","2,510","",
"50","Vermont","2019","2,722","",
"50","Vermont","2020","2,873","",
"51","Virginia","1995","3,006","",
"51","Virginia","1996","3,026","",
"51","Virginia","1997","3,043","",
"51","Virginia","1998","2,915","",
"51","Virginia","1999","3,006","",
"51","Virginia","2000","3,003","",
"51","Virginia","2001","2,977","",
"51","Virginia","2002","3,048","",
"51","Virginia","2003","2,945","",
"51","Virginia","2004","3,016","",
"51","Virginia","2005","2,474","",
"51","Virginia","2006","2,496","",
"51","Virginia","2007","2,600","",
"51","Virginia","2008","2,607","",
"51","Virginia","2009","2,542","",
"51","Virginia","2010","2,607","",
"51","Virginia","2011","2,833","",
"51","Virginia","2012","2,859","",
"51","Virginia","2013","2,834","",
"51","Virginia","2014","3,001","",
"51","Virginia","2015","3,334","",
"51","Virginia","2016","3,639","",
"51","Virginia","2017","3,741","",
"51","Virginia","2018","3,586","",
"51","Virginia","2019","3,702","",
"51","Virginia","2020","3,937","",
"53","Washington","1995","2,208","",
"53","Washington","1996","2,232","",
"53","Washington","1997","2,253","",
"53","Washington","1998","2,149","",
"53","Washington","1999","2,207","",
"53","Washington","2000","2,262","",
"53","Washington","2001","2,209","",
"53","Washington","2002","2,229","",
"53","Washington","2003","2,212","",
"53","Washington","2004","2,293","",
"53","Washington","2005","2,087","",
"53","Washington","2006","2,186","",
"53","Washington","2007","2,169","",
"53","Washington","2008","2,145","",
"53","Washington","2009","2,298","",
"53","Washington","2010","2,018","",
"53","Washington","2011","2,365","",
"53","Washington","2012","2,629","",
"53","Washington","2013","2,598","",
"53","Washington","2014","2,774","",
"53","Washington","2015","2,906","",
"53","Washington","2016","2,755","",
"53","Washington","2017","2,792","",
"53","Washington","2018","2,826","",
"53","Washington","2019","2,742","",
"53","Washington","2020","3,117","",
"54","West Virginia","1995","2,924","",
"54","West Virginia","1996","2,929","",
"54","West Virginia","1997","2,940","",
"54","West Virginia","1998","2,836","",
"54","West Virginia","1999","2,925","",
"54","West Virginia","2000","2,923","",
"54","West Virginia","2001","2,872","",
"54","West Virginia","2002","2,941","",
"54","West Virginia","2003","2,841","",
"54","West Virginia","2004","2,931","",
"54","West Virginia","2005","2,315","",
"54","West Virginia","2006","2,316","",
"54","West Virginia","2007","2,437","",
"54","West Virginia","2008","2,409","",
"54","West Virginia","2009","2,385","",
"54","West Virginia","2010","2,470","",
"54","West Virginia","2011","2,605","",
"54","West Virginia","2012","2,752","",
"54","West Virginia","2013","2,626","",
"54","West Virginia","2014","2,829","",
"54","West Virginia","2015","3,101","",
"54","West Virginia","2016","3,449","",
"54","West Virginia","2017","3,479","",
"54","West Virginia","2018","3,382","",
"54","West Virginia","2019","3,459","",
"54","West Virginia","2020","3,484","",
"55","Wisconsin","1995","2,407","",
"55","Wisconsin","1996","2,430","",
"55","Wisconsin","1997","2,440","",
"55","Wisconsin","1998","2,378","",
"55","Wisconsin","1999","2,457","",
"55","Wisconsin","2000","2,445","",
"55","Wisconsin","2001","2,400","",
"55","Wisconsin","2002","2,410","",
"55","Wisconsin","2003","2,348","",
"55","Wisconsin","2004","2,414","",
"55","Wisconsin","2005","2,106","",
"55","Wisconsin","2006","2,055","",
"55","Wisconsin","2007","2,158","",
"55","Wisconsin","2008","2,060","",
"55","Wisconsin","2009","2,118","",
"55","Wisconsin","2010","2,127","",
"55","Wisconsin","2011","2,325","",
"55","Wisconsin","2012","2,574","",
"55","Wisconsin","2013","2,255","",
"55","Wisconsin","2014","2,393","",
"55","Wisconsin","2015","2,764","",
"55","Wisconsin","2016","2,741","",
"55","Wisconsin","2017","2,624","",
"55","Wisconsin","2018","2,742","",
"55","Wisconsin","2019","2,730","",
"55","Wisconsin","2020","3,005","",
"56","Wyoming","1995","2,829","",
"56","Wyoming","1996","2,896","",
"56","Wyoming","1997","2,930","",
"56","Wyoming","1998","2,783","",
"56","Wyoming","1999","2,867","",
"56","Wyoming","2000","2,931","",
"56","Wyoming","2001","2,859","",
"56","Wyoming","2002","2,822","",
"56","Wyoming","2003","2,813","",
"56","Wyoming","2004","2,881","",
"56","Wyoming","2005","2,835","",
"56","Wyoming","2006","2,854","",
"56","Wyoming","2007","2,842","",
"56","Wyoming","2008","2,776","",
"56","Wyoming","2009","2,766","",
"56","Wyoming","2010","2,670","",
"56","Wyoming","2011","2,853","",
"56","Wyoming","2012","3,124","",
"56","Wyoming","2013","2,852","",
"56","Wyoming","2014","3,050","",
"56","Wyoming","2015","3,288","",
"56","Wyoming","2016","3,468","",
"56","Wyoming","2017","3,478","",
"56","Wyoming","2018","3,448","",
"56","Wyoming","2019","3,378","",
"56","Wyoming","2020","3,720","",
